Nuclide,C m2 / kg MBq s,f-factor (cGy/R),HVL,QVL,TVL,CVL,MVL,R/s at 1m
Be-7,5.54E-14,0.876,4.35,8.33,13.4,25.6,37.7,2.147E-10
C-11,1.13E-12,0.876,4.95,9.46,15.1,28.9,42.5,4.380E-09
F-18,1.10E-12,0.876,4.95,9.46,15.1,28.9,42.5,4.264E-09
Na-22,2.29E-12,0.965,9.2,19.9,35.7,75.8,114,8.876E-09
Mg-28,1.48E-12,0.951,11.3,24.2,40.7,81,120,5.736E-09
S-38,1.50E-12,0.965,20.7,37.5,58.9,110,158,5.814E-09
Cl-39,1.43E-12,0.965,14.8,29.1,46.9,89.3,131,5.543E-09
Ar-41,1.27E-12,0.965,16.1,29.6,46.6,86.8,126,4.922E-09
K-40,1.51E-13,0.965,17.6,32.3,50.8,94.7,137,5.853E-10
K-42,2.65E-13,0.965,18.2,33.3,52.3,97.4,141,1.027E-09
K-43,1.06E-12,0.965,4.62,9.62,16.8,36.5,58.8,4.109E-09
K-44,2.17E-12,0.965,17.2,32.4,52,102,152,8.411E-09
K-45,1.68E-12,0.965,16.8,32.9,53.1,102,150,6.512E-09
Ca-47,1.05E-12,0.965,15.1,28.5,45.2,85.5,124,4.070E-09
Sc-43,1.09E-12,0.965,4.7,9.08,14.7,28.5,42.2,4.225E-09
Sc-44,2.26E-12,0.965,8.49,18,32.1,68.8,105,8.760E-09
Sc-47,1.03E-13,0.876,0.492,0.86,1.33,2.47,3.61,3.992E-10
Sc-48,3.43E-12,0.965,13.9,25.9,41,77.9,115,1.329E-08
Ti-44,1.35E-13,0.948,0.222,0.443,0.742,1.53,2.35,5.233E-10
Ti-45,9.68E-13,0.965,4.97,9.49,15.2,29.3,44.5,3.752E-09
V-47,1.10E-12,0.965,4.99,9.53,15.3,30.1,50.3,4.264E-09
V-48,3.00E-12,0.965,11.7,23.5,39,77.6,116,1.163E-08
V-49,3.00E-12,0.965,11.7,23.5,39,77.6,116,1.163E-08
V-50,1.37E-12,0.965,17.1,32,50.8,96.2,140,5.310E-09
Cr-48,4.50E-13,0.963,1.26,3.05,5.47,12.6,23.6,1.744E-09
Cr-49,1.15E-12,0.962,4.39,8.92,14.6,28.6,43.1,4.457E-09
Cr-51,3.44E-14,0.876,1.92,3.74,6.07,11.8,17.5,1.333E-10
Mn-51,1.11E-12,0.965,4.97,9.5,15.2,29.4,44.8,4.302E-09
Mn-52,3.56E-12,0.965,11.9,23.4,38.8,79,119,1.380E-08
Mn-53,2.47E-12,0.965,9.6,21.3,38.9,82.6,125,9.574E-09
Mn-54,8.97E-13,0.876,10.1,19,29.9,56.3,81.9,3.477E-09
Mn-56,1.65E-12,0.965,14.1,27,44.7,92.7,141,6.395E-09
Fe-55,3.09E-12,0.965,13,25,40.9,82.4,125,1.198E-08
Fe-59,1.20E-12,0.965,14.7,27.3,43.1,80.9,118,4.651E-09
Fe-60,1.20E-12,0.965,14.7,27.3,43.1,80.9,118,4.651E-09
Co-55,2.12E-12,0.965,8.06,16.8,29.9,66.4,105,8.217E-09
Co-56,3.46E-12,0.965,14.5,28.2,46.7,95.5,146,1.341E-08
Co-57,1.09E-13,0.961,0.298,0.533,0.85,2.39,24,4.225E-10
Co-58,1.05E-12,0.965,8.85,17,27.5,53.7,80.3,4.070E-09
Co-60,2.50E-12,0.965,15.6,28.8,45.3,84.7,123,9.690E-09
Co-61,1.02E-13,0.946,0.69,8.35,21,50.2,78,3.953E-10
Ni-56,1.81E-12,0.965,7.46,16.3,28.3,62.1,101,7.016E-09
Ni-57,1.92E-12,0.965,12.5,26.4,44.7,89.3,133,7.442E-09
Ni-59,1.92E-12,0.965,12.5,26.4,44.7,89.3,133,7.442E-09
Ni-65,5.49E-13,0.965,15.7,29.7,47.3,90,132,2.128E-09
Cu-60,3.83E-12,0.965,12.1,25.8,44.6,92.2,140,1.484E-08
Cu-61,9.06E-13,0.965,5.2,10.3,17.4,40.7,74.7,3.512E-09
Cu-64,2.04E-13,0.965,5.11,9.81,16,34.5,68.3,7.907E-10
Zn-62,5.01E-13,0.956,4.9,9.97,16.4,32.7,49.7,1.942E-09
Zn-63,1.21E-12,0.965,5.38,10.4,17.3,39.5,74.6,4.690E-09
Zn-65,5.94E-13,0.965,13.5,25.4,40.2,75.5,110,2.302E-09
Zn-69,5.94E-13,0.965,13.5,25.4,40.2,75.5,110,2.302E-09
Zn-72,1.88E-13,0.959,0.243,0.589,1.04,2.26,3.78,7.287E-10
Ga-65,1.26E-12,0.963,4.95,10.1,17.1,39.9,75.6,4.884E-09
Ga-66,2.24E-12,0.965,12.8,27.7,48.7,103,156,8.682E-09
Ga-67,1.55E-13,0.961,0.861,2.23,4.8,13.9,34,6.008E-10
Ga-68,1.05E-12,0.965,5.12,9.84,16,33.8,61.7,4.070E-09
Ga-72,2.60E-12,0.965,14,27.4,46,96.2,147,1.008E-08
Ga-73,3.75E-13,0.962,2.14,4.54,9.6,35.5,64,1.453E-09
Ge-66,7.50E-13,0.958,3.62,8.2,15.3,42.5,82,2.907E-09
Ge-67,1.52E-12,0.965,5.37,11.4,21.1,59.5,106,5.891E-09
Ge-68,1.52E-12,0.965,5.37,11.4,21.1,59.5,106,5.891E-09
Ge-78,2.96E-13,0.965,1.37,2.64,4.27,8.35,12.4,1.147E-09
As-69,1.24E-12,0.965,5.28,10.5,18.1,51.2,98.7,4.806E-09
As-70,4.35E-12,0.965,10.5,21.8,37.9,81.2,126,1.686E-08
As-71,6.07E-13,0.965,3.76,9.27,17.5,46.3,81.3,2.353E-09
As-72,1.92E-12,0.965,7.11,14.2,24.7,58.1,102,7.442E-09
As-73,7.80E-14,0.876,0.101,0.196,0.319,0.631,0.944,3.023E-10
As-74,8.38E-13,0.965,5.87,11.2,18,35.4,54,3.248E-09
As-76,4.46E-13,0.965,7.37,14.7,26.1,64.6,108,1.729E-09
As-78,1.32E-12,0.965,11.2,22.7,39.2,84.5,131,5.116E-09
Se-70,7.95E-13,0.958,3.86,8.07,13.7,29.8,58.7,3.081E-09
Se-72,5.13E-14,0.876,0.068,0.131,0.214,0.423,0.633,1.988E-10
Se-73,1.20E-12,0.96,3.71,7.65,13.1,28.3,49.1,4.651E-09
Se-75,3.93E-13,0.963,0.985,2.29,4.32,11.3,20.3,1.523E-09
Se-81,8.60E-14,0.965,3.54,9.13,18.4,42.9,67.8,3.333E-10
Br-74,4.10E-12,0.964,12.2,27.2,49,104,159,1.589E-08
Br-75,1.31E-12,0.965,3.9,8.4,14.8,34.2,63.4,5.078E-09
Br-80,8.36E-14,0.965,6.28,12,19.4,38.4,60,3.240E-10
Kr-74,1.15E-12,0.963,3.95,8.5,14.5,29.9,48.1,4.457E-09
Kr-76,4.61E-13,0.96,2.15,4.79,9.34,27.8,54.6,1.787E-09
Kr-77,1.12E-12,0.964,3.99,8.59,14.5,30,52.1,4.341E-09
Kr-85,2.48E-14,0.876,5,9.54,15.3,29.2,42.8,9.612E-11
Kr-87,7.38E-13,0.965,10.9,26.7,48.1,101,154,2.860E-09
Kr-88,1.74E-12,0.964,18.1,34.8,56.1,108,159,6.744E-09
Rb-79,1.57E-12,0.965,4.87,10,17.1,40.3,79,6.085E-09
Rb-81,5.55E-13,0.965,4.96,9.69,16.2,37.9,71.6,2.151E-09
Rb-83,5.38E-13,0.965,5.28,10.1,16.1,31.2,46.7,2.085E-09
Rb-84,9.73E-13,0.965,8.47,16.8,27.9,56.7,87.1,3.771E-09
Rb-89,2.15E-12,0.965,15.6,29.4,47.5,94.4,143,8.333E-09
Sr-80,4.79E-13,0.965,4.98,10.1,16.7,33,49.2,1.857E-09
Sr-81,1.51E-12,0.965,4.73,9.84,17,41,76,5.853E-09
Sr-82,5.77E-14,0.921,0.00633,0.0125,0.0207,0.0412,0.0617,2.236E-10
Sr-85,5.53E-13,0.965,4.93,9.47,15.2,29.1,42.8,2.143E-09
Sr-87,2.23E-13,0.964,0.875,1.67,2.73,5.41,8.43,8.643E-10
Sr-91,7.48E-13,0.965,10.7,20.4,33.1,65.6,98.9,2.899E-09
Sr-92,1.31E-12,0.965,16.3,30.4,48,90,130,5.078E-09
Y-85,1.21E-12,0.965,5.1,9.97,16.4,35.6,62,4.690E-09
Y-86,3.66E-12,0.965,11.1,22.9,39.3,83.2,129,1.419E-08
Y-87,5.47E-13,0.962,3.8,7.92,13.1,25.8,38.1,2.120E-09
Y-90,9.57E-13,0.965,11.1,20.8,32.9,61.7,89.5,3.709E-09
Y-91,3.16E-14,0.876,15.1,27.8,43.8,81.7,118,1.225E-10
Y-92,2.60E-13,0.965,11.7,22.8,37.4,75.2,115,1.008E-09
Y-95,9.61E-13,0.964,18.4,34.7,55.7,109,161,3.725E-09
Zr-86,4.35E-13,0.953,0.55,1.71,3.7,19.5,37.6,1.686E-09
Zr-95,7.98E-13,0.965,8.62,16.2,25.7,48.5,70.7,3.093E-09
Zr-97,7.98E-13,0.965,8.62,16.2,25.7,48.5,70.7,3.093E-09
Nb-89,1.48E-12,0.962,7.01,15.7,32.8,84.7,137,5.736E-09
Nb-90,4.25E-12,0.96,12.7,28.1,48.4,99.2,149,1.647E-08
Nb-92,2.03E-12,0.955,5.91,14.4,25.6,54.6,83.4,7.868E-09
Nb-95,8.31E-13,0.965,9.03,17,26.8,50.6,73.6,3.221E-09
Nb-96,2.63E-12,0.965,9.31,18.5,30.9,63.5,97.4,1.019E-08
Mo-90,1.40E-12,0.952,0.879,4.73,13.8,48.9,88.6,5.426E-09
Mo-93,3.99E-13,0.921,0.00673,0.0134,0.0221,0.0439,0.0622,1.547E-09
Mo-99,1.78E-13,0.959,5.83,13.7,23.4,46.8,69.5,6.899E-10
Mo-101,1.50E-12,0.964,11.4,24,41.2,86.1,131,5.814E-09
Tc-93,1.86E-12,0.951,11.6,26.2,44.4,87.8,130,7.209E-09
Tc-94,3.20E-12,0.959,8.03,16.6,27.6,55,83.9,1.240E-08
Tc-95,1.23E-12,0.948,4.62,13.2,23.5,48.8,74.3,4.767E-09
Tc-96,3.06E-12,0.957,8.26,17.2,28.3,55.6,83.3,1.186E-08
Tc-97,3.64E-13,0.921,0.00695,0.0138,0.0228,0.0453,0.0678,1.411E-09
Tc-98,1.55E-12,0.965,7.96,15,23.9,45.6,67,6.008E-09
Tc-99,1.55E-12,0.965,7.96,15,23.9,45.6,67,6.008E-09
Tc-101,3.70E-13,0.964,2.02,4.19,7.71,23.2,43.8,1.434E-09
Tc-104,2.14E-12,0.965,11.3,26.2,46.2,96.8,147,8.295E-09
Ru-94,9.00E-13,0.947,1.59,5.99,15.5,44.1,71.8,3.488E-09
Ru-95,1.59E-12,0.955,5.14,14.4,29.2,69.3,111,6.163E-09
Ru-97,5.95E-13,0.946,0.0233,0.689,1.93,7.6,22.8,2.306E-09
Ru-105,8.59E-13,0.961,5.85,12.7,21.9,45.6,71.1,3.329E-09
Rh-97,1.67E-12,0.96,5.42,11.9,23.4,64.8,112,6.473E-09
Rh-99,1.03E-12,0.945,1.01,5.13,12.3,39.3,78.6,3.992E-09
Rh-101,6.22E-13,0.949,0.0331,0.502,1.42,5.54,11.5,2.411E-09
Rh-102,7.43E-13,0.951,3.11,8.05,15.1,40,75.2,2.880E-09
Rh-107,3.45E-13,0.964,2.03,4.14,7.34,20.9,41.8,1.337E-09
Pd-98,7.55E-13,0.945,0.517,6.35,16.3,42.9,72.7,2.926E-09
Pd-99,1.49E-12,0.958,5.42,13.6,27.9,73.5,121,5.775E-09
Pd-100,5.94E-13,0.935,0.0106,0.0251,0.164,1.08,2.04,2.302E-09
Pd-103,2.73E-13,0.921,0.00811,0.0161,0.0267,0.054,0.0865,1.058E-09
Pd-111,5.09E-14,0.959,8.13,18.2,33.1,74.5,116,1.973E-10
Pd-112,1.39E-13,0.876,0.00716,0.0142,0.0235,0.0466,0.0697,5.388E-10
Ag-101,1.76E-12,0.962,5.48,12.2,23.3,62.7,108,6.822E-09
Ag-104,3.07E-12,0.959,8.38,17.7,31,69.2,111,1.190E-08
Ag-105,8.48E-13,0.947,1.19,4.37,10.8,36,66.3,3.287E-09
Ag-106,8.79E-13,0.958,4.12,8.69,14.5,28.8,44.6,3.407E-09
Ag-108,2.68E-14,0.949,3.6,9.34,16.7,35.2,54.1,1.039E-10
Ag-110,3.39E-14,0.963,7.11,13.6,21.8,41.7,61.8,1.314E-10
Ag-112,6.95E-13,0.965,10.8,22.2,39.4,87.4,135,2.694E-09
Ag-115,4.71E-13,0.964,10.6,25.5,45.4,95,144,1.826E-09
Cd-104,5.94E-13,0.937,0.0395,3.8,12.8,33.9,54.6,2.302E-09
Cd-107,3.94E-13,0.922,0.0112,0.0222,0.038,2,23.5,1.527E-09
Cd-111,3.66E-13,0.922,0.0109,0.0213,0.0353,0.0805,0.74,1.419E-09
Cd-115,2.24E-13,0.961,4.52,9.14,15,29.2,43.2,8.682E-10
Cd-117,1.10E-12,0.963,11.2,24.9,42.2,84.9,127,4.264E-09
In-108,4.25E-12,0.961,9.44,19.8,34.1,73.1,115,1.647E-08
In-110,3.55E-12,0.958,8.58,17.3,28.7,58.4,90.4,1.376E-08
In-112,3.74E-13,0.95,3.46,8.34,14.6,31.7,56.4,1.450E-09
In-113,1.97E-13,0.929,0.018,0.0371,0.114,1.29,2.4,7.636E-10
In-115,1.89E-13,0.937,0.0473,1.6,8.81,29.7,50.5,7.326E-10
In-116,2.74E-13,0.946,0.74,2.69,5.29,11.6,18,1.062E-09
In-117,7.76E-13,0.962,3.87,9.02,15.4,31,46.1,3.008E-09
Sn-108,9.78E-13,0.951,1.65,5.28,12,35.6,66.3,3.791E-09
Sn-109,2.34E-12,0.953,12.4,26.5,44.8,91.2,138,9.070E-09
Sn-111,6.66E-13,0.947,4.43,11.2,23.5,68,115,2.581E-09
Sn-113,2.34E-13,0.922,0.0153,0.0294,0.0494,1.4,4.68,9.070E-10
Sn-117,1.47E-13,0.921,0.017,0.0317,0.0506,0.102,0.336,5.698E-10
Sn-119,3.27E-13,0.945,0.0567,0.374,0.864,2.01,3.14,1.267E-09
Sn-123,7.06E-14,0.965,13.6,25.2,39.6,74.1,107,2.736E-10
Sn-126,1.46E-13,0.94,0.0271,0.0937,0.494,1.62,2.77,5.659E-10
Sb-116,2.38E-12,0.959,11,23.8,41.2,85.5,131,9.225E-09
Sb-119,2.64E-13,0.921,0.0165,0.0308,0.049,0.0955,0.144,1.023E-09
Sb-120,6.14E-13,0.95,3.59,8.37,14.6,32.8,62.1,2.380E-09
Sb-125,5.87E-13,0.948,3.22,8.04,14.6,31.9,49.5,2.275E-09
Sb-126,3.02E-12,0.965,7.09,14,23,46.3,71.7,1.171E-08
Sb-127,7.68E-13,0.963,6.21,12.7,21.4,44.1,68.6,2.977E-09
Sb-128,3.36E-12,0.965,7.51,15.1,25.1,51.8,82.8,1.302E-08
Sb-129,1.51E-12,0.965,10.9,21.6,36.1,76.1,119,5.853E-09
Sb-130,1.51E-12,0.965,10.9,21.6,36.1,76.1,119,5.853E-09
Sb-131,2.08E-12,0.965,12.5,24.7,41,85.1,131,8.062E-09
Te-114,1.51E-12,0.948,7.63,19.5,37.1,83.2,129,5.853E-09
Te-116,3.83E-13,0.931,0.0288,0.0761,3.15,26,53.3,1.484E-09
Te-117,1.69E-12,0.954,9.09,20,36.5,84,133,6.550E-09
Te-118,1.88E-13,0.921,0.019,0.0352,0.0559,0.109,0.165,7.287E-10
Te-119,9.96E-13,0.947,5.72,13,23,55.4,99.1,3.860E-09
Te-121,8.14E-13,0.946,3.61,8.95,15.6,31.7,47.5,3.155E-09
Te-123,3.09E-14,0.921,0.0188,0.0346,0.0548,0.106,0.159,1.198E-10
Te-125,2.40E-13,0.948,0.14,0.521,1,2.15,3.28,9.302E-10
Te-127,5.55E-14,0.961,2.94,5.99,9.9,19.6,29.2,2.151E-10
Te-129,1.01E-13,0.939,1.67,5.98,12.7,38.5,71.8,3.915E-10
Te-131,4.57E-13,0.96,4.26,11.8,24,58.1,92.7,1.771E-09
Te-132,3.73E-13,0.944,0.262,1.04,2.08,4.66,7.21,1.446E-09
Te-133,1.22E-12,0.964,8.46,20.8,38.1,83.9,131,4.729E-09
I-119,1.08E-12,0.958,3.1,7.76,14.6,37.3,74,4.186E-09
I-120,2.65E-12,0.962,9.31,20.9,40.3,92.3,144,1.027E-08
I-121,5.69E-13,0.948,1,3.73,10.5,32.3,64.8,2.205E-09
I-123,3.46E-13,0.942,0.0667,0.442,1.12,11.1,27.1,1.341E-09
I-124,1.28E-12,0.953,7.2,15.9,30.5,76.5,124,4.961E-09
I-125,3.38E-13,0.921,0.0211,0.039,0.0623,0.124,0.193,1.310E-09
I-126,5.57E-13,0.95,3.98,9.57,17.5,39,62.7,2.159E-09
I-129,1.34E-13,0.922,0.0269,0.0499,0.0805,0.166,0.272,5.194E-10
I-131,4.26E-13,0.963,2.74,5.59,9.93,25.9,45.3,1.651E-09
I-132,2.42E-12,0.965,8.93,17.4,28.9,62.3,102,9.380E-09
I-135,1.56E-12,0.965,14.9,28.6,46.1,89.4,133,6.047E-09
Xe-120,6.94E-13,0.937,1.03,6.67,16.4,42.4,69.7,2.690E-09
Xe-121,1.54E-12,0.955,7.68,18.6,37.7,89.7,141,5.969E-09
Xe-122,2.09E-13,0.928,0.0352,0.116,2.39,10.1,18.3,8.101E-10
Xe-123,7.88E-13,0.949,3.88,11.6,25.7,69.3,115,3.054E-09
Xe-129,2.38E-13,0.948,0.15,0.465,0.907,2.15,3.46,9.225E-10
Xe-131,2.42E-13,0.923,0.0283,0.0536,0.0938,1.27,3.22,9.380E-10
Xe-133,1.10E-13,0.935,0.0379,0.0982,0.4,1.35,2.29,4.264E-10
Xe-135,2.67E-13,0.963,1.16,2.32,4.19,18.3,36.9,1.035E-09
Xe-138,1.06E-12,0.963,13.1,29.7,50.6,101,150,4.109E-09
Cs-125,8.92E-13,0.953,4.79,10.2,18.2,52,99.8,3.457E-09
Cs-131,1.31E-13,0.921,0.0262,0.0481,0.0765,0.15,0.226,5.078E-10
Cs-132,8.90E-13,0.947,5.9,12.6,21.1,42.5,66.6,3.450E-09
Cs-134,1.70E-12,0.965,8.04,15.4,25.1,50.9,79.5,6.589E-09
Cs-135,6.55E-14,0.933,0.0392,0.0941,0.345,1.11,1.88,2.539E-10
Cs-136,2.25E-12,0.963,10.1,20.5,33.8,66.7,99.9,8.721E-09
Cs-137,2.25E-12,0.963,10.1,20.5,33.8,66.7,99.9,8.721E-09
Ba-124,7.09E-13,0.947,4.11,11,22.2,56.6,93.2,2.748E-09
Ba-126,7.13E-13,0.946,4.45,13.5,26.8,61.5,96.9,2.764E-09
Ba-128,1.68E-13,0.929,0.0436,0.24,1.83,5.99,10.6,6.512E-10
Ba-129,4.38E-13,0.943,3,8.82,18.5,60.1,107,1.698E-09
Ba-131,6.38E-13,0.946,1.8,5.78,11.8,30,56.2,2.473E-09
Ba-133,5.89E-13,0.943,0.819,2.84,5.65,12.7,19.9,2.283E-09
Ba-135,1.37E-13,0.932,0.0693,0.849,2.5,6.49,10.4,5.310E-10
Ba-139,4.91E-14,0.957,0.496,1.04,2.44,46.1,88.9,1.903E-10
Ba-140,2.21E-13,0.953,3.46,8.01,13.9,28.6,43,8.566E-10
Ba-141,9.67E-13,0.963,5.72,15.7,31.6,74.4,118,3.748E-09
Ba-142,1.11E-12,0.959,9.43,20.8,35.1,70.3,105,4.302E-09
La-132,2.08E-12,0.959,7.72,17.3,34.7,84.6,135,8.062E-09
La-133,2.57E-13,0.933,1.32,5.88,13.1,34.9,64.6,9.961E-10
La-135,1.30E-13,0.923,0.0329,0.0685,0.19,15.6,36.7,5.039E-10
La-137,1.15E-13,0.922,0.0283,0.054,0.0881,0.177,0.272,4.457E-10
La-138,1.27E-12,0.953,14.2,27.7,45.1,87.8,129,4.922E-09
La-140,2.26E-12,0.965,13.7,28.1,46.8,93.2,138,8.760E-09
La-142,2.12E-12,0.964,16.5,32.6,53.8,107,158,8.217E-09
Ce-130,6.31E-13,0.945,2.51,9.57,22,55.9,90.8,2.446E-09
Ce-133,7.21E-13,0.944,2.51,7.16,13,27.3,41.2,2.795E-09
Ce-134,1.12E-13,0.923,0.0316,0.0609,0.102,0.322,3.71,4.341E-10
Ce-137,1.25E-13,0.923,0.0366,0.0775,0.361,13.3,31.6,4.845E-10
Ce-141,8.78E-14,0.953,0.249,0.577,0.981,1.96,2.93,3.403E-10
Ce-143,3.58E-13,0.944,1.78,5.16,12.9,36.4,61.6,1.388E-09
Ce-144,2.61E-14,0.945,0.123,0.372,0.709,1.53,2.36,1.012E-10
Ce-146,9.57E-13,0.946,6.22,14.3,25.2,54.5,86.9,3.709E-09
Pr-134,3.40E-12,0.963,6.12,13.3,24.8,61.7,106,1.318E-08
Pr-136,2.27E-12,0.961,7.31,15.4,29.7,76.7,126,8.798E-09
Pr-137,4.57E-13,0.945,4.3,9.85,18.2,51.4,95.3,1.771E-09
Pr-139,2.10E-13,0.931,1.28,6.37,14.2,47.5,91.8,8.140E-10
Pr-146,1.00E-12,0.965,11,24.4,42.9,90,137,3.876E-09
Pr-147,5.86E-13,0.943,4.51,12.8,26.3,65.6,107,2.271E-09
Nd-135,1.44E-12,0.955,3.92,8.84,15.9,42.9,85.5,5.581E-09
Nd-136,3.98E-13,0.938,1.02,6.28,14.8,40.9,73,1.543E-09
Nd-138,1.16E-13,0.926,0.0468,0.104,0.697,6.69,13.5,4.496E-10
Nd-139,5.34E-13,0.947,4.73,10.6,19.8,52.2,90,2.070E-09
Nd-147,1.80E-13,0.943,1.48,5.77,11.9,27.3,43,6.977E-10
Nd-149,4.11E-13,0.956,1.7,4.93,11.6,31.4,54.6,1.593E-09
Nd-151,8.86E-13,0.959,7.92,18.9,33.4,71.1,110,3.434E-09
Nd-152,2.13E-13,0.957,1.04,2.52,4.98,18.6,35.5,8.256E-10
Pm-141,8.18E-13,0.955,5.87,12.4,23.3,64.4,109,3.171E-09
Pm-143,4.03E-13,0.938,5.69,13.5,23,45.9,68,1.562E-09
Pm-144,1.78E-12,0.955,6.34,12.6,20.6,40.5,60.2,6.899E-09
Pm-145,9.23E-14,0.925,0.0418,0.0813,0.136,0.321,0.85,3.578E-10
Pm-148,5.83E-13,0.965,12.1,24.5,41.4,84.2,126,2.260E-09
Pm-150,1.49E-12,0.965,10.5,23.4,40.1,82.9,127,5.775E-09
Pm-151,3.68E-13,0.955,2.3,6.18,13.7,36.4,60,1.426E-09
Sm-140,6.43E-13,0.948,5.59,14,28.2,68.9,110,2.492E-09
Sm-141,1.52E-12,0.959,6.16,13.5,27.7,72.5,118,5.891E-09
Sm-142,1.69E-13,0.932,1.08,5.66,12.2,31.9,65.7,6.550E-10
Sm-145,1.62E-13,0.926,0.0475,0.0933,0.158,0.385,0.78,6.279E-10
Sm-155,1.05E-13,0.953,0.232,0.5,1.13,16.4,53.5,4.070E-10
Sm-156,1.30E-13,0.953,0.477,1.11,2.07,5.23,9.21,5.039E-10
Eu-145,1.33E-12,0.95,11.4,23.3,39.4,83.9,130,5.155E-09
Eu-146,2.54E-12,0.957,9.31,18.8,32.6,74.3,120,9.845E-09
Eu-147,5.50E-13,0.944,4.85,14.1,26.5,58.6,92,2.132E-09
Eu-149,1.21E-13,0.93,0.0844,0.546,3.08,12.7,26.2,4.690E-10
Eu-150,1.73E-12,0.957,4.68,10.6,20.7,53.9,91.7,6.705E-09
Eu-152,1.25E-12,0.952,9.52,21.5,36.7,75.1,114,4.845E-09
Eu-154,1.30E-12,0.959,11.2,22.5,37.1,74.3,112,5.039E-09
Eu-155,6.80E-14,0.947,0.162,0.396,0.764,1.75,2.87,2.636E-10
Eu-157,3.49E-13,0.944,2.53,6.34,12.1,30.3,52.5,1.353E-09
Eu-158,1.33E-12,0.959,12.4,23.9,38.9,78.5,121,5.155E-09
Eu-159,3.69E-13,0.94,3.77,12.5,24.5,57.9,95,1.430E-09
Gd-146,3.36E-13,0.941,0.128,0.328,0.692,1.79,6.12,1.302E-09
Gd-149,6.16E-13,0.948,2.23,6.84,16,41.3,67.1,2.388E-09
Gd-151,1.24E-13,0.932,0.0839,0.257,1.09,4.54,9.27,4.806E-10
Tb-150,2.35E-12,0.957,11.2,24.3,43.8,95.8,147,9.109E-09
Tb-155,2.26E-13,0.942,0.178,0.623,1.73,8.31,19,8.760E-10
Tb-156,2.04E-12,0.954,8.96,20.7,36.8,77.5,118,7.907E-09
Tb-160,1.18E-12,0.96,10.5,21.6,35.5,69.8,104,4.574E-09
Tb-161,1.11E-13,0.93,0.0283,0.0707,0.187,0.857,8.15,4.302E-10
Tb-163,8.72E-13,0.963,3.48,7.21,12.6,28,46,3.380E-09
Dy-151,1.45E-12,0.953,8.84,20,35.7,77.4,120,5.620E-09
Dy-152,3.32E-13,0.949,0.792,1.83,3.16,6.46,9.73,1.287E-09
Dy-153,9.68E-13,0.945,5.36,15.6,31.3,72.4,114,3.752E-09
Dy-166,6.09E-14,0.936,0.105,0.255,0.823,8.9,18.3,2.360E-10
Ho-154,2.02E-12,0.962,5.78,12.9,25.2,64.8,108,7.829E-09
Ho-157,6.69E-13,0.946,2.6,8.13,19.3,53.1,89.8,2.593E-09
Ho-158,6.69E-13,0.946,2.6,8.13,19.3,53.1,89.8,2.593E-09
Ho-160,1.84E-12,0.954,8.79,17.7,29.3,58.5,88.3,7.132E-09
Ho-162,2.00E-13,0.936,3.18,12.3,28.1,69.7,110,7.752E-10
Ho-164,4.88E-14,0.931,0.0764,0.151,0.257,0.631,1.25,1.891E-10
Ho-167,4.02E-13,0.959,1.99,4.13,7.03,15.1,26.2,1.558E-09
Er-156,1.25E-13,0.93,0.0653,0.156,0.452,6.69,14.7,4.845E-10
Er-158,1.25E-13,0.93,0.0653,0.156,0.452,6.69,14.7,4.845E-10
Er-159,1.03E-12,0.952,7.57,16.8,31,74.1,120,3.992E-09
Er-160,1.03E-12,0.952,7.57,16.8,31,74.1,120,3.992E-09
Er-163,6.52E-14,0.931,0.0795,0.157,0.266,3.78,38.2,2.527E-10
Er-165,6.19E-14,0.931,0.0776,0.151,0.25,0.508,0.788,2.399E-10
Er-171,4.03E-13,0.956,1.42,3.28,5.99,21.6,48,1.562E-09
Er-172,5.80E-13,0.952,4.14,8.95,15.5,32.9,50.3,2.248E-09
Tm-163,1.36E-12,0.948,10.5,24.1,41.6,84.5,127,5.271E-09
Tm-165,6.29E-13,0.948,2.81,8.65,19.8,52.4,87.9,2.438E-09
Tm-166,1.96E-12,0.954,12.5,25.9,44,91.2,139,7.597E-09
Tm-167,1.75E-13,0.942,0.32,1.04,2.23,12.1,26.8,6.783E-10
Tm-168,1.35E-12,0.955,6.38,14.5,24.9,51.2,78.5,5.233E-09
Tm-172,4.64E-13,0.958,15.6,29.8,47.7,90.9,133,1.798E-09
Tm-173,4.31E-13,0.962,3.13,6.1,9.9,19.4,28.8,1.671E-09
Tm-175,1.17E-12,0.962,7.47,15.8,27.9,61.6,97.6,4.535E-09
Yb-162,2.74E-13,0.948,0.65,3.54,11.4,31.2,51.6,1.062E-09
Yb-163,7.72E-13,0.951,7.34,16.6,31.3,73.9,118,2.992E-09
Yb-164,7.25E-14,0.934,0.13,0.328,3.85,23.6,47.3,2.810E-10
Yb-166,1.15E-13,0.935,0.102,0.206,0.362,1.01,1.97,4.457E-10
Yb-167,2.95E-13,0.944,0.194,0.468,1.32,30.5,68.4,1.143E-09
Yb-175,4.27E-14,0.957,2.03,4.57,8.04,16.9,25.8,1.655E-10
Lu-167,1.69E-12,0.952,11.6,26.3,45.5,93.2,140,6.550E-09
Lu-173,2.15E-13,0.941,0.262,1.09,3.2,16.4,34.8,8.333E-10
Lu-174,1.30E-13,0.937,2.81,15.4,32.7,72.5,110,5.039E-10
Lu-176,5.05E-13,0.96,1.16,2.54,4.58,9.97,15.4,1.957E-09
Lu-177,3.52E-14,0.957,0.542,1.19,2.11,4.7,8.46,1.364E-10
Lu-179,3.00E-14,0.962,0.907,1.82,3.5,27.7,57.1,1.163E-10
Hf-170,4.83E-13,0.95,2.58,7.91,15.1,32.9,50.9,1.872E-09
Hf-172,1.83E-13,0.938,0.0552,0.178,0.368,0.977,1.75,7.093E-10
Hf-173,4.15E-13,0.952,0.639,2.35,6.03,32.9,64.7,1.609E-09
Hf-175,3.94E-13,0.95,1.62,3.73,6.43,13.2,20.1,1.527E-09
Hf-178,2.44E-12,0.959,1.5,3.5,7.12,21.7,39.4,9.457E-09
Hf-180,9.92E-13,0.957,1.79,4.52,8.53,19,29.7,3.845E-09
Hf-181,5.78E-13,0.96,3.22,7.13,12.2,24.7,37,2.240E-09
Hf-182,2.53E-13,0.961,1.13,2.29,3.8,7.55,11.3,9.806E-10
Hf-183,8.36E-13,0.957,7.31,15.2,25.9,54.1,86.9,3.240E-09
Ta-172,1.75E-12,0.958,8.76,20,35.7,76.5,118,6.783E-09
Ta-173,6.06E-13,0.948,6.56,17,32.9,76.3,121,2.349E-09
Ta-174,9.98E-13,0.956,6.54,16.7,33.4,79.3,127,3.868E-09
Ta-175,1.12E-12,0.951,9.53,23.4,41.3,85.8,130,4.341E-09
Ta-176,2.13E-12,0.955,15.3,30,48.9,95.9,143,8.256E-09
Ta-177,7.72E-14,0.94,0.165,0.374,1.98,30.9,62.3,2.992E-10
Ta-179,2.98E-14,0.937,0.118,0.232,0.384,0.783,1.22,1.155E-10
Ta-180,5.60E-14,0.939,0.125,0.245,0.408,0.871,1.32,2.171E-10
Ta-183,3.09E-13,0.952,0.663,1.78,3.68,9.67,16.5,1.198E-09
Ta-184,1.68E-12,0.962,5.06,12.6,24.2,54.4,84.9,6.512E-09
Ta-185,1.55E-13,0.954,0.56,1.35,4.45,28.4,58.2,6.008E-10
Ta-186,1.52E-12,0.963,4.85,11.6,21,47.5,79.2,5.891E-09
W-177,9.68E-13,0.953,4.86,13.3,26.3,60.2,94.1,3.752E-09
W-178,1.72E-14,0.939,0.128,0.252,0.417,0.85,1.32,6.667E-11
W-181,4.58E-14,0.939,0.128,0.252,0.417,0.853,1.33,1.775E-10
W-187,4.89E-13,0.958,5.79,11.9,19.8,40.3,61.1,1.895E-09
Re-178,1.62E-12,0.958,9.56,22.7,42.3,94.5,147,6.279E-09
Re-179,1.12E-12,0.957,5.64,15,32.3,78.4,124,4.341E-09
Re-181,8.63E-13,0.954,4.26,10.7,22.6,56.2,92.2,3.345E-09
Re-182,1.83E-12,0.955,7.5,20.9,37.1,75.7,113,7.093E-09
Re-184,9.51E-13,0.954,9.13,18.3,29.7,57.3,84.5,3.686E-09
Re-186,1.99E-14,0.952,0.268,0.53,0.918,9.97,32.9,7.713E-11
Re-188,6.11E-14,0.96,2.54,9.98,21.7,56.6,96.9,2.368E-10
Os-167,9.22E-13,0.965,11.9,26.5,44.2,86.3,127,3.574E-09
Os-182,4.66E-13,0.954,2.46,6.78,12.5,26.5,40.1,1.806E-09
Os-183,6.69E-13,0.953,2.55,6.36,13.8,46.6,83,2.593E-09
Os-185,7.55E-13,0.955,6.89,13.7,22.4,44.5,67.7,2.926E-09
Os-189,7.55E-13,0.955,6.89,13.7,22.4,44.5,67.7,2.926E-09
Os-191,7.82E-14,0.95,0.227,0.438,0.715,1.44,2.19,3.031E-10
Os-194,5.24E-14,0.927,0.0582,0.112,0.184,0.382,0.706,2.031E-10
Ir-183,1.18E-12,0.955,8.93,21.9,40.2,87.7,135,4.574E-09
Ir-184,2.01E-12,0.96,7.64,18.5,34.5,77.6,123,7.791E-09
Ir-186,1.69E-12,0.959,7,17.6,34.1,80.1,128,6.550E-09
Ir-187,3.52E-13,0.95,4.85,12.7,24,53.9,83.8,1.364E-09
Ir-188,1.95E-12,0.958,14.9,30.7,51.2,102,151,7.558E-09
Ir-190,1.61E-12,0.96,4.26,9.43,16.7,38,65.3,6.240E-09
Ir-193,5.90E-14,0.946,0.221,0.447,0.776,1.75,2.8,2.287E-10
Ir-195,5.73E-14,0.948,0.211,0.43,0.775,2.33,4.55,2.221E-10
Pt-188,2.09E-13,0.951,0.617,1.78,4.94,14.8,25.1,8.101E-10
Pt-189,5.11E-13,0.952,4.06,11.1,21.5,53.5,92.8,1.981E-09
Pt-193,3.12E-13,0.95,1.56,5.2,10.6,25.2,40.3,1.209E-09
Pt-195,1.04E-14,0.945,0.188,0.373,0.62,1.27,1.99,4.031E-11
Pt-197,2.23E-14,0.952,0.355,0.732,1.32,3.28,5.95,8.643E-11
Au-186,1.58E-12,0.962,5.69,13.2,25.8,66.8,112,6.124E-09
Au-190,2.18E-12,0.96,12,28.5,50,103,155,8.450E-09
Au-192,1.83E-12,0.959,12.2,28.2,48.8,99.3,149,7.093E-09
Au-198,4.46E-13,0.965,3.35,6.47,10.5,21.2,35.9,1.729E-09
Au-200,2.80E-13,0.965,9.66,22.8,39.5,79.6,118,1.085E-09
Hg-191,1.91E-13,0.954,0.323,0.644,1.16,9.36,27.9,7.403E-10
Hg-192,2.79E-13,0.954,0.722,1.84,3.52,8.05,13.9,1.081E-09
Hg-193,8.43E-13,0.956,8.92,21.1,37.4,80.3,125,3.267E-09
Hg-194,1.06E-12,0.958,7.99,18.8,34.5,76,118,4.109E-09
Hg-195,2.04E-13,0.95,4.25,13,24.8,55.4,87.6,7.907E-10
Hg-197,6.76E-14,0.947,0.216,0.431,0.727,1.59,2.88,2.620E-10
Hg-199,8.94E-14,0.955,0.359,0.746,1.6,5.57,9.65,3.465E-10
Tl-194,1.00E-12,0.961,4.71,9.58,16.5,38.9,68.5,3.876E-09
Tl-196,1.86E-12,0.961,9.55,22.8,42,90.5,138,7.209E-09
Pb-194,1.10E-12,0.958,8.39,20.2,36.8,80.3,124,4.264E-09
Pb-195,1.10E-12,0.958,8.39,20.2,36.8,80.3,124,4.264E-09
Pb-196,5.19E-13,0.957,2.37,6.61,13.8,36.4,63.7,2.012E-09
Pb-198,4.58E-13,0.957,1.87,4.95,11.5,35.9,61.8,1.775E-09
Pb-199,1.05E-12,0.959,8.66,21.4,38.8,83.3,128,4.070E-09
Pb-200,2.01E-13,0.954,0.49,1.21,3.33,14.7,28.8,7.791E-10
Pb-201,7.98E-13,0.959,4.26,11.2,23.9,57.1,91.5,3.093E-09
Pb-202,4.00E-13,0.96,6.35,12.5,20.1,38.7,56.8,1.550E-09
Pb-204,3.24E-13,0.957,1.08,2.45,4.4,11.6,28.2,1.256E-09
Pb-210,1.79E-14,0.926,0.00875,0.0211,0.073,0.288,0.504,6.938E-11
Pb-212,1.53E-13,0.958,0.756,1.64,2.88,6.37,11.1,5.930E-10
Pb-214,2.78E-13,0.961,1.88,4.09,7.48,23.1,47.6,1.078E-09
Bi-201,1.73E-12,0.96,12.8,25.5,42.2,85.5,130,6.705E-09
Bi-202,2.90E-12,0.962,8.41,17.9,31.3,67.9,109,1.124E-08
Bi-205,1.66E-12,0.96,13.1,26.6,44.7,91.2,137,6.434E-09
Bi-206,3.41E-12,0.962,9.35,19.5,33.7,73.6,117,1.322E-08
Bi-210,2.15E-12,0.959,21.4,39.5,62.5,117,170,8.333E-09
Bi-213,1.41E-13,0.963,3.75,7.42,12.4,29.4,59.6,5.465E-10
Bi-214,1.45E-12,0.965,13.4,26.9,45.1,91.8,138,5.620E-09
Po-204,1.26E-12,0.957,6.35,15.9,28.1,58.6,89,4.884E-09
Po-206,1.30E-12,0.959,6.42,15.4,27.7,59.3,91,5.039E-09
At-206,2.67E-12,0.963,6.54,13.9,24.9,59.5,102,1.035E-08
At-207,2.06E-12,0.961,9.81,20.9,36.7,81.2,128,7.984E-09
At-209,2.46E-12,0.961,7.67,15.9,27,57.8,93.6,9.535E-09
At-210,2.95E-12,0.962,13.8,27.8,45.2,87.3,129,1.143E-08
Rn-211,1.96E-12,0.962,9.92,20.5,35,73.3,112,7.597E-09
Rn-221,6.96E-14,0.876,5.57,10.6,16.9,32.2,47.2,2.698E-10
Rn-223,3.79E-13,0.96,5.83,13.2,23.9,56.2,93.2,1.469E-09
Fr-222,2.92E-13,0.956,0.356,1.54,7.97,45.8,82.7,1.132E-09
Fr-223,1.53E-13,0.937,0.0172,0.158,1.13,20.2,45.4,5.930E-10
Ra-223,1.49E-13,0.958,0.69,1.92,4.22,12.2,23.8,5.775E-10
Ra-225,8.04E-14,0.924,0.0119,0.0347,0.0904,0.237,0.384,3.116E-10
Ra-227,3.43E-13,0.944,0.0394,1.81,5.82,21.4,41.1,1.329E-09
Ra-230,1.24E-13,0.952,0.362,2.19,6.73,18.9,31,4.806E-10
Ac-224,3.57E-13,0.955,0.168,0.631,1.42,3.71,6.09,1.384E-09
Ac-225,2.45E-14,0.952,0.0698,0.459,1.21,9.26,22.1,9.496E-11
Ac-226,2.04E-13,0.957,0.284,0.932,1.92,4.95,13.2,7.907E-10
Ac-228,1.03E-12,0.958,7.86,18.6,32.7,69.4,109,3.992E-09
Th-227,3.07E-13,0.947,0.0224,0.735,2.31,7.04,12.5,1.190E-09
Th-229,3.16E-13,0.945,0.0115,0.0463,0.429,1.92,3.97,1.225E-09
Th-231,2.69E-13,0.927,0.00822,0.0173,0.0326,0.523,1.53,1.043E-09
Pa-228,1.73E-12,0.955,5.73,16,30.4,68.9,111,6.705E-09
Pa-229,1.85E-13,0.948,0.0143,0.0662,0.321,1.03,1.34,7.171E-10
Pa-230,9.04E-13,0.954,5,14.3,26.6,56.9,86.2,3.504E-09
Pa-231,2.41E-13,0.931,0.00972,0.0247,0.761,6.21,11.8,9.341E-10
Pa-232,1.15E-12,0.957,7.05,16.4,28.5,58.3,87.4,4.457E-09
Pa-233,3.83E-13,0.953,0.304,1.86,4.31,10.6,17.6,1.484E-09
U-230,4.85E-14,0.924,0.00693,0.014,0.0242,0.462,2.39,1.880E-10
U-231,4.33E-13,0.939,0.0101,0.0241,0.126,0.869,1.82,1.678E-09
U-232,4.53E-14,0.921,0.00672,0.0134,0.0223,0.0487,0.398,1.756E-10
U-235,2.64E-13,0.957,0.208,0.692,1.35,3.13,5.36,1.023E-09
U-237,3.21E-13,0.946,0.0234,0.246,0.816,3.51,8.27,1.244E-09
U-239,9.12E-14,0.944,0.0439,0.36,1.82,28.2,54.7,3.535E-10
Np-232,1.50E-12,0.957,4.63,13.5,25.3,54.2,83.8,5.814E-09
Np-233,1.94E-13,0.951,0.023,0.197,0.554,6.25,20.2,7.519E-10
Np-234,1.24E-12,0.955,11.9,26.6,45.1,89.7,133,4.806E-09
Np-236,5.72E-13,0.944,0.0119,0.0389,0.356,1.42,3.06,2.217E-09
Np-237,2.32E-13,0.932,0.0091,0.0206,0.0552,0.983,2.31,8.992E-10
Np-238,7.12E-13,0.954,9.96,20.9,34.3,66.4,97.5,2.760E-09
Np-239,3.32E-13,0.952,0.0674,0.552,1.77,6.01,10.9,1.287E-09
Np-241,7.92E-14,0.951,0.0318,0.307,1.06,17.6,42.3,3.070E-10
Pu-232,1.38E-13,0.951,0.0213,0.151,0.415,1.12,1.63,5.349E-10
Pu-235,2.36E-13,0.948,0.0178,0.136,0.506,18.6,46,9.147E-10
Pu-236,4.04E-14,0.921,0.00694,0.0138,0.0229,0.0465,0.0788,1.566E-10
Pu-238,3.71E-14,0.921,0.00693,0.0138,0.0228,0.0459,0.0683,1.438E-10
Pu-243,5.66E-14,0.946,0.0181,0.23,0.804,6.26,14.4,2.194E-10
Pu-245,4.68E-13,0.96,4.05,10.7,21.4,49.9,78.9,1.814E-09
Pu-246,2.64E-13,0.947,0.0637,0.42,1.17,3.51,5.99,1.023E-09
Am-237,5.57E-13,0.955,0.508,2.52,7.01,28.5,55.6,2.159E-09
Am-238,1.09E-12,0.956,7.29,17.8,31.6,67.4,106,4.225E-09
Am-239,4.91E-13,0.951,0.0306,0.334,1.09,4.53,8.47,1.903E-09
Am-240,1.30E-12,0.954,7.89,18.6,31.6,62.7,92.9,5.039E-09
Am-241,1.45E-13,0.932,0.00974,0.0235,0.106,0.528,0.948,5.620E-10
Am-242,9.22E-14,0.937,0.01,0.0227,0.1,0.779,1.55,3.574E-10
Am-243,1.16E-13,0.944,0.0234,0.193,0.49,1.24,2.01,4.496E-10
Am-244,1.12E-12,0.95,5.24,13.8,24.3,49.9,75.4,4.341E-09
Am-246,1.17E-12,0.949,2.21,9.09,18.4,40.9,63.1,4.535E-09
Cm-241,7.61E-13,0.953,1.18,4.9,10.1,22.7,35.9,2.950E-09
Cm-243,2.64E-13,0.951,0.042,0.527,1.69,5.37,9.3,1.023E-09
Cm-245,2.39E-13,0.95,0.0219,0.182,0.507,1.55,2.79,9.264E-10
Cm-247,3.50E-13,0.964,2.95,5.85,9.58,18.8,27.9,1.357E-09
Bk-245,3.88E-13,0.953,0.0927,0.515,1.58,6.33,13.8,1.504E-09
Bk-246,1.10E-12,0.953,6.47,16.1,27.9,57.5,87.8,4.264E-09
Bk-247,1.88E-13,0.956,0.377,1.15,2.51,6.08,9.62,7.287E-10
Bk-248,1.88E-13,0.956,0.377,1.15,2.51,6.08,9.62,7.287E-10
Bk-250,1.04E-12,0.957,10.8,21.8,35.3,67.6,98.9,4.031E-09
Cf-247,5.74E-13,0.938,0.00948,0.0224,0.16,1.8,11,2.225E-09
Cf-249,4.15E-13,0.959,2.02,4.61,7.97,16.4,25.1,1.609E-09
Es-249,7.26E-13,0.951,0.474,4.01,11.6,40.3,71.1,2.814E-09
Es-250,2.54E-12,0.944,0.259,5.16,16.4,43.3,69,9.845E-09
